HomeTeam,AwayTeam
Malaga,Sevilla
Ath Madrid,Las Palmas
Espanol,Getafe
La Coruna,Sociedad
Vallecano,Valencia
Ath Bilbao,Barcelona
Betis,Villarreal
Levante,Celta
Sp Gijon,Real Madrid
Granada,Eibar
Villarreal,Espanol
Barcelona,Malaga
Celta,Vallecano
Real Madrid,Betis
Sociedad,Sp Gijon
Eibar,Ath Bilbao
Getafe,Granada
Las Palmas,Levante
Sevilla,Ath Madrid
Valencia,La Coruna
Levante,Sevilla
Ath Madrid,Barcelona
Betis,Sociedad
Espanol,Real Madrid
Sp Gijon,Valencia
Ath Bilbao,Getafe
Celta,Las Palmas
Granada,Villarreal
Malaga,Eibar
Vallecano,La Coruna
Getafe,Malaga
Eibar,Ath Madrid
Real Madrid,Granada
Sociedad,Espanol
Valencia,Betis
Barcelona,Levante
La Coruna,Sp Gijon
Las Palmas,Vallecano
Sevilla,Celta
Villarreal,Ath Bilbao
Ath Madrid,Getafe
Espanol,Valencia
Granada,Sociedad
Ath Bilbao,Real Madrid
Celta,Barcelona
Las Palmas,Sevilla
Levante,Eibar
Malaga,Villarreal
Vallecano,Sp Gijon
Betis,La Coruna
Valencia,Granada
Barcelona,Las Palmas
Eibar,Celta
Real Madrid,Malaga
Sevilla,Vallecano
Villarreal,Ath Madrid
Getafe,Levante
La Coruna,Espanol
Sociedad,Ath Bilbao
Sp Gijon,Betis
Celta,Getafe
Espanol,Sp Gijon
Granada,La Coruna
Las Palmas,Eibar
Malaga,Sociedad
Sevilla,Barcelona
Ath Bilbao,Valencia
Ath Madrid,Real Madrid
Levante,Villarreal
Vallecano,Betis
Barcelona,Vallecano
Betis,Espanol
Eibar,Sevilla
Real Madrid,Levante
Valencia,Malaga
Getafe,Las Palmas
La Coruna,Ath Bilbao
Sociedad,Ath Madrid
Villarreal,Celta
Sp Gijon,Granada
Vallecano,Espanol
Celta,Real Madrid
Granada,Betis
Malaga,La Coruna
Sevilla,Getafe
Ath Madrid,Valencia
Barcelona,Eibar
Las Palmas,Villarreal
Levante,Sociedad
Ath Bilbao,Sp Gijon
La Coruna,Ath Madrid
Getafe,Barcelona
Real Madrid,Las Palmas
Sociedad,Celta
Valencia,Levante
Villarreal,Sevilla
Betis,Ath Bilbao
Eibar,Vallecano
Espanol,Granada
Sp Gijon,Malaga
Las Palmas,Sociedad
Celta,Valencia
Eibar,Getafe
Levante,La Coruna
Malaga,Betis
Vallecano,Granada
Ath Bilbao,Espanol
Ath Madrid,Sp Gijon
Barcelona,Villarreal
Sevilla,Real Madrid
Espanol,Malaga
La Coruna,Celta
Real Madrid,Barcelona
Sociedad,Sevilla
Valencia,Las Palmas
Betis,Ath Madrid
Granada,Ath Bilbao
Sp Gijon,Levante
Villarreal,Eibar
Getafe,Vallecano
Levante,Betis
Ath Madrid,Espanol
Barcelona,Sociedad
Celta,Sp Gijon
Las Palmas,La Coruna
Malaga,Granada
Eibar,Real Madrid
Getafe,Villarreal
Sevilla,Valencia
Vallecano,Ath Bilbao
Betis,Celta
Granada,Ath Madrid
La Coruna,Sevilla
Real Madrid,Getafe
Valencia,Barcelona
Ath Bilbao,Malaga
Sociedad,Eibar
Sp Gijon,Las Palmas
Villarreal,Vallecano
Espanol,Levante
Getafe,Sociedad
Barcelona,La Coruna
Celta,Espanol
Las Palmas,Betis
Levante,Granada
Sevilla,Sp Gijon
Ath Madrid,Ath Bilbao
Eibar,Valencia
Vallecano,Malaga
Villarreal,Real Madrid
Betis,Sevilla
Espanol,Las Palmas
La Coruna,Eibar
Valencia,Getafe
Ath Bilbao,Levante
Granada,Celta
Malaga,Ath Madrid
Real Madrid,Vallecano
Sociedad,Villarreal
Barcelona,Betis
Celta,Ath Bilbao
Eibar,Sp Gijon
Getafe,La Coruna
Las Palmas,Granada
Levante,Malaga
Real Madrid,Sociedad
Sevilla,Espanol
Vallecano,Ath Madrid
Villarreal,Valencia
Ath Madrid,Levante
Espanol,Barcelona
Malaga,Celta
Ath Bilbao,Las Palmas
Betis,Eibar
Granada,Sevilla
La Coruna,Villarreal
Valencia,Real Madrid
Vallecano,Sociedad
Sp Gijon,Getafe
Barcelona,Granada
Getafe,Betis
Levante,Vallecano
Real Madrid,La Coruna
Sevilla,Ath Bilbao
Celta,Ath Madrid
Eibar,Espanol
Las Palmas,Malaga
Sociedad,Valencia
Villarreal,Sp Gijon
Celta,Levante
Sevilla,Malaga
Sociedad,La Coruna
Villarreal,Betis
Barcelona,Ath Bilbao
Getafe,Espanol
Las Palmas,Ath Madrid
Real Madrid,Sp Gijon
Valencia,Vallecano
Eibar,Granada
Sp Gijon,Sociedad
Espanol,Villarreal
Granada,Getafe
Malaga,Barcelona
Vallecano,Celta
Ath Bilbao,Eibar
Ath Madrid,Sevilla
Betis,Real Madrid
La Coruna,Valencia
Levante,Las Palmas
Barcelona,Ath Madrid
Eibar,Malaga
Getafe,Ath Bilbao
Sociedad,Betis
Villarreal,Granada
Las Palmas,Celta
Real Madrid,Espanol
Sevilla,Levante
Valencia,Sp Gijon
La Coruna,Vallecano
Malaga,Getafe
Ath Bilbao,Villarreal
Ath Madrid,Eibar
Sp Gijon,La Coruna
Vallecano,Las Palmas
Betis,Valencia
Celta,Sevilla
Granada,Real Madrid
Levante,Barcelona
Espanol,Sociedad
Sp Gijon,Vallecano
La Coruna,Betis
Real Madrid,Ath Bilbao
Valencia,Espanol
Villarreal,Malaga
Barcelona,Celta
Eibar,Levante
Getafe,Ath Madrid
Sevilla,Las Palmas
Sociedad,Granada
Sp Gijon,Barcelona
Levante,Getafe
Betis,Sp Gijon
Celta,Eibar
Espanol,La Coruna
Las Palmas,Barcelona
Ath Bilbao,Sociedad
Ath Madrid,Villarreal
Granada,Valencia
Malaga,Real Madrid
Vallecano,Sevilla
Eibar,Las Palmas
Betis,Vallecano
Getafe,Celta
Real Madrid,Ath Madrid
Sociedad,Malaga
Sp Gijon,Espanol
Barcelona,Sevilla
La Coruna,Granada
Valencia,Ath Bilbao
Villarreal,Levante
Ath Madrid,Sociedad
Las Palmas,Getafe
Ath Bilbao,La Coruna
Celta,Villarreal
Levante,Real Madrid
Malaga,Valencia
Sevilla,Eibar
Espanol,Betis
Granada,Sp Gijon
Vallecano,Barcelona
Getafe,Sevilla
La Coruna,Malaga
Real Madrid,Celta
Villarreal,Las Palmas
Betis,Granada
Eibar,Barcelona
Sociedad,Levante
Sp Gijon,Ath Bilbao
Valencia,Ath Madrid
Espanol,Vallecano
Malaga,Sp Gijon
Ath Madrid,La Coruna
Barcelona,Getafe
Celta,Sociedad
Vallecano,Eibar
Ath Bilbao,Betis
Las Palmas,Real Madrid
Levante,Valencia
Sevilla,Villarreal
Granada,Espanol
Getafe,Eibar
Betis,Malaga
Granada,Vallecano
La Coruna,Levante
Sociedad,Las Palmas
Sp Gijon,Ath Madrid
Espanol,Ath Bilbao
Real Madrid,Sevilla
Valencia,Celta
Villarreal,Barcelona
Vallecano,Getafe
Ath Madrid,Betis
Barcelona,Real Madrid
Celta,La Coruna
Las Palmas,Valencia
Ath Bilbao,Granada
Eibar,Villarreal
Malaga,Espanol
Sevilla,Sociedad
Levante,Sp Gijon
Granada,Malaga
Betis,Levante
Espanol,Ath Madrid
Real Madrid,Eibar
Sociedad,Barcelona
Ath Bilbao,Vallecano
Sp Gijon,Celta
Valencia,Sevilla
Villarreal,Getafe
La Coruna,Las Palmas
Levante,Espanol
Celta,Betis
Eibar,Sociedad
Getafe,Real Madrid
Las Palmas,Sp Gijon
Ath Madrid,Granada
Barcelona,Valencia
Malaga,Ath Bilbao
Sevilla,La Coruna
Vallecano,Villarreal
Betis,Las Palmas
Espanol,Celta
Ath Bilbao,Ath Madrid
La Coruna,Barcelona
Malaga,Vallecano
Real Madrid,Villarreal
Sp Gijon,Sevilla
Valencia,Eibar
Granada,Levante
Sociedad,Getafe
Las Palmas,Espanol
Ath Madrid,Malaga
Barcelona,Sp Gijon
Eibar,La Coruna
Vallecano,Real Madrid
Getafe,Valencia
Levante,Ath Bilbao
Sevilla,Betis
Villarreal,Sociedad
Celta,Granada
Sp Gijon,Eibar
Ath Madrid,Vallecano
Betis,Barcelona
Granada,Las Palmas
Sociedad,Real Madrid
Ath Bilbao,Celta
Espanol,Sevilla
La Coruna,Getafe
Valencia,Villarreal
Malaga,Levante
Barcelona,Espanol
Celta,Malaga
Eibar,Betis
Getafe,Sp Gijon
Las Palmas,Ath Bilbao
Levante,Ath Madrid
Real Madrid,Valencia
Sevilla,Granada
Sociedad,Vallecano
Villarreal,La Coruna
Valencia,Sociedad
Ath Bilbao,Sevilla
Ath Madrid,Celta
Granada,Barcelona
La Coruna,Real Madrid
Betis,Getafe
Espanol,Eibar
Malaga,Las Palmas
Sp Gijon,Villarreal
Vallecano,Levante
La Coruna,Eibar
Malaga,Osasuna
Barcelona,Betis
Granada,Villarreal
Sevilla,Espanol
Ath Madrid,Alaves
Sociedad,Real Madrid
Sp Gijon,Ath Bilbao
Celta,Leganes
Valencia,Las Palmas
Betis,La Coruna
Espanol,Malaga
Eibar,Valencia
Leganes,Ath Madrid
Osasuna,Sociedad
Real Madrid,Celta
Alaves,Sp Gijon
Ath Bilbao,Barcelona
Las Palmas,Granada
Villarreal,Sevilla
Sociedad,Espanol
Barcelona,Alaves
Celta,Ath Madrid
Malaga,Villarreal
Real Madrid,Osasuna
Sevilla,Las Palmas
Granada,Eibar
La Coruna,Ath Bilbao
Sp Gijon,Leganes
Valencia,Betis
Betis,Granada
Ath Madrid,Sp Gijon
Eibar,Sevilla
Las Palmas,Malaga
Leganes,Barcelona
Ath Bilbao,Valencia
Espanol,Real Madrid
Osasuna,Celta
Villarreal,Sociedad
Alaves,La Coruna
Malaga,Eibar
Sevilla,Betis
Barcelona,Ath Madrid
Celta,Sp Gijon
Granada,Ath Bilbao
Real Madrid,Villarreal
Sociedad,Las Palmas
La Coruna,Leganes
Osasuna,Espanol
Valencia,Alaves
Betis,Malaga
Ath Bilbao,Sevilla
Eibar,Sociedad
Las Palmas,Real Madrid
Sp Gijon,Barcelona
Ath Madrid,La Coruna
Espanol,Celta
Leganes,Valencia
Villarreal,Osasuna
Alaves,Granada
Sociedad,Betis
Granada,Leganes
La Coruna,Sp Gijon
Osasuna,Las Palmas
Sevilla,Alaves
Celta,Barcelona
Espanol,Villarreal
Malaga,Ath Bilbao
Real Madrid,Eibar
Valencia,Ath Madrid
Las Palmas,Espanol
Ath Madrid,Granada
Barcelona,La Coruna
Betis,Real Madrid
Leganes,Sevilla
Alaves,Malaga
Ath Bilbao,Sociedad
Sp Gijon,Valencia
Villarreal,Celta
Eibar,Osasuna
Osasuna,Betis
Espanol,Eibar
Granada,Sp Gijon
Sociedad,Alaves
Valencia,Barcelona
Celta,La Coruna
Malaga,Leganes
Real Madrid,Ath Bilbao
Sevilla,Ath Madrid
Villarreal,Las Palmas
Leganes,Sociedad
Alaves,Real Madrid
Ath Madrid,Malaga
Barcelona,Granada
Sp Gijon,Sevilla
Ath Bilbao,Osasuna
Betis,Espanol
Eibar,Villarreal
Las Palmas,Celta
La Coruna,Valencia
Malaga,Sp Gijon
Granada,La Coruna
Las Palmas,Eibar
Osasuna,Alaves
Sociedad,Ath Madrid
Celta,Valencia
Espanol,Ath Bilbao
Real Madrid,Leganes
Sevilla,Barcelona
Villarreal,Betis
Betis,Las Palmas
Ath Madrid,Real Madrid
Barcelona,Malaga
Eibar,Celta
La Coruna,Sevilla
Alaves,Espanol
Ath Bilbao,Villarreal
Sp Gijon,Sociedad
Valencia,Granada
Leganes,Osasuna
Eibar,Betis
Espanol,Leganes
Malaga,La Coruna
Real Madrid,Sp Gijon
Sevilla,Valencia
Celta,Granada
Osasuna,Ath Madrid
Sociedad,Barcelona
Villarreal,Alaves
Las Palmas,Ath Bilbao
Ath Madrid,Espanol
Barcelona,Real Madrid
Granada,Sevilla
Leganes,Villarreal
Alaves,Las Palmas
Ath Bilbao,Eibar
Betis,Celta
Sp Gijon,Osasuna
Valencia,Malaga
La Coruna,Sociedad
Malaga,Granada
Las Palmas,Leganes
Osasuna,Barcelona
Real Madrid,La Coruna
Sociedad,Valencia
Betis,Ath Bilbao
Celta,Sevilla
Eibar,Alaves
Espanol,Sp Gijon
Villarreal,Ath Madrid
Alaves,Betis
Ath Madrid,Las Palmas
Granada,Sociedad
Sevilla,Malaga
Sp Gijon,Villarreal
Barcelona,Espanol
La Coruna,Osasuna
Leganes,Eibar
Ath Bilbao,Celta
Espanol,La Coruna
Eibar,Ath Madrid
Las Palmas,Sp Gijon
Real Madrid,Granada
Sociedad,Sevilla
Ath Bilbao,Alaves
Betis,Leganes
Celta,Malaga
Villarreal,Barcelona
Osasuna,Valencia
Ath Madrid,Betis
Barcelona,Las Palmas
La Coruna,Villarreal
Leganes,Ath Bilbao
Celta,Alaves
Granada,Osasuna
Sevilla,Real Madrid
Sp Gijon,Eibar
Valencia,Espanol
Malaga,Sociedad
Las Palmas,La Coruna
Alaves,Leganes
Espanol,Granada
Real Madrid,Malaga
Villarreal,Valencia
Ath Bilbao,Ath Madrid
Betis,Sp Gijon
Eibar,Barcelona
Osasuna,Sevilla
Sociedad,Celta
Osasuna,Malaga
Alaves,Ath Madrid
Eibar,La Coruna
Leganes,Celta
Villarreal,Granada
Ath Bilbao,Sp Gijon
Betis,Barcelona
Espanol,Sevilla
Real Madrid,Sociedad
Las Palmas,Valencia
Ath Madrid,Leganes
Barcelona,Ath Bilbao
Malaga,Espanol
Valencia,Eibar
Sevilla,Villarreal
Sociedad,Osasuna
Sp Gijon,Alaves
Granada,Las Palmas
Espanol,Sociedad
Alaves,Barcelona
Ath Bilbao,La Coruna
Betis,Valencia
Osasuna,Real Madrid
Ath Madrid,Celta
Las Palmas,Sevilla
Leganes,Sp Gijon
Villarreal,Malaga
Eibar,Granada
Granada,Betis
La Coruna,Alaves
Real Madrid,Espanol
Sevilla,Eibar
Sp Gijon,Ath Madrid
Barcelona,Leganes
Celta,Osasuna
Sociedad,Villarreal
Valencia,Ath Bilbao
Malaga,Las Palmas
Valencia,Real Madrid
Las Palmas,Sociedad
Alaves,Valencia
Betis,Sevilla
Eibar,Malaga
Leganes,La Coruna
Ath Bilbao,Granada
Ath Madrid,Barcelona
Espanol,Osasuna
Sp Gijon,Celta
Villarreal,Real Madrid
Malaga,Betis
Sociedad,Eibar
Valencia,Leganes
Barcelona,Sp Gijon
Celta,Espanol
Granada,Alaves
Osasuna,Villarreal
Real Madrid,Las Palmas
La Coruna,Ath Madrid
Sevilla,Ath Bilbao
Betis,Sociedad
Barcelona,Celta
Eibar,Real Madrid
Leganes,Granada
Villarreal,Espanol
Ath Bilbao,Malaga
Ath Madrid,Valencia
Las Palmas,Osasuna
Sp Gijon,La Coruna
Alaves,Sevilla
La Coruna,Betis
Espanol,Las Palmas
Granada,Ath Madrid
Malaga,Alaves
Sevilla,Leganes
Valencia,Sp Gijon
Celta,Villarreal
La Coruna,Barcelona
Real Madrid,Betis
Sociedad,Ath Bilbao
Osasuna,Eibar
Las Palmas,Villarreal
Alaves,Sociedad
Ath Bilbao,Real Madrid
Betis,Osasuna
Eibar,Espanol
Ath Madrid,Sevilla
Barcelona,Valencia
La Coruna,Celta
Leganes,Malaga
Sp Gijon,Granada
Espanol,Betis
Malaga,Ath Madrid
Osasuna,Ath Bilbao
Sociedad,Leganes
Villarreal,Eibar
Granada,Barcelona
Real Madrid,Alaves
Sevilla,Sp Gijon
Valencia,La Coruna
Celta,Las Palmas
Ath Bilbao,Espanol
Ath Madrid,Sociedad
Betis,Villarreal
Alaves,Osasuna
Barcelona,Sevilla
La Coruna,Granada
Leganes,Real Madrid
Sp Gijon,Malaga
Eibar,Las Palmas
Valencia,Celta
Villarreal,Ath Bilbao
Espanol,Alaves
Malaga,Barcelona
Real Madrid,Ath Madrid
Sevilla,La Coruna
Celta,Eibar
Granada,Valencia
Las Palmas,Betis
Osasuna,Leganes
Sociedad,Sp Gijon
Ath Bilbao,Las Palmas
Ath Madrid,Osasuna
Barcelona,Sociedad
La Coruna,Malaga
Sp Gijon,Real Madrid
Betis,Eibar
Granada,Celta
Leganes,Espanol
Valencia,Sevilla
Alaves,Villarreal
Sevilla,Granada
Espanol,Ath Madrid
Malaga,Valencia
Osasuna,Sp Gijon
Villarreal,Leganes
Celta,Betis
Las Palmas,Alaves
Real Madrid,Barcelona
Sociedad,La Coruna
Eibar,Ath Bilbao
Ath Madrid,Villarreal
Granada,Malaga
Sp Gijon,Espanol
Barcelona,Osasuna
La Coruna,Real Madrid
Leganes,Las Palmas
Valencia,Sociedad
Alaves,Eibar
Ath Bilbao,Betis
Sevilla,Celta
Villarreal,Sp Gijon
Espanol,Barcelona
Las Palmas,Ath Madrid
Real Madrid,Valencia
Sociedad,Granada
Betis,Alaves
Celta,Ath Bilbao
Eibar,Leganes
Osasuna,La Coruna
Malaga,Sevilla
Sevilla,Sociedad
Ath Madrid,Eibar
Barcelona,Villarreal
Granada,Real Madrid
Sp Gijon,Las Palmas
Alaves,Ath Bilbao
La Coruna,Espanol
Malaga,Celta
Valencia,Osasuna
Leganes,Betis
Espanol,Valencia
Osasuna,Granada
Alaves,Celta
Ath Bilbao,Leganes
Betis,Ath Madrid
Eibar,Sp Gijon
Las Palmas,Barcelona
Real Madrid,Sevilla
Sociedad,Malaga
Villarreal,La Coruna
Celta,Real Madrid
Granada,Espanol
La Coruna,Las Palmas
Leganes,Alaves
Sevilla,Osasuna
Sp Gijon,Betis
Ath Madrid,Ath Bilbao
Barcelona,Eibar
Celta,Sociedad
Malaga,Real Madrid
Valencia,Villarreal
Leganes,Alaves
Valencia,Las Palmas
Celta,Sociedad
Girona,Ath Madrid
Sevilla,Espanol
Ath Bilbao,Getafe
Barcelona,Betis
La Coruna,Real Madrid
Levante,Villarreal
Malaga,Eibar
Betis,Celta
Sociedad,Villarreal
Alaves,Barcelona
Girona,Malaga
Las Palmas,Ath Madrid
Levante,La Coruna
Eibar,Ath Bilbao
Espanol,Leganes
Getafe,Sevilla
Real Madrid,Valencia
Leganes,Getafe
Barcelona,Espanol
Real Madrid,Levante
Sevilla,Eibar
Valencia,Ath Madrid
Ath Bilbao,Girona
Celta,Alaves
La Coruna,Sociedad
Villarreal,Betis
Malaga,Las Palmas
Eibar,Leganes
Ath Madrid,Malaga
Betis,La Coruna
Getafe,Barcelona
Levante,Valencia
Alaves,Villarreal
Girona,Sevilla
Las Palmas,Ath Bilbao
Sociedad,Real Madrid
Espanol,Celta
Barcelona,Eibar
Valencia,Malaga
Ath Bilbao,Ath Madrid
La Coruna,Alaves
Leganes,Girona
Real Madrid,Betis
Sevilla,Las Palmas
Celta,Getafe
Levante,Sociedad
Villarreal,Espanol
Alaves,Real Madrid
Ath Madrid,Sevilla
Girona,Barcelona
Malaga,Ath Bilbao
Eibar,Celta
Espanol,La Coruna
Getafe,Villarreal
Las Palmas,Leganes
Sociedad,Valencia
Betis,Levante
Celta,Girona
La Coruna,Getafe
Leganes,Ath Madrid
Levante,Alaves
Sevilla,Malaga
Barcelona,Las Palmas
Real Madrid,Espanol
Sociedad,Betis
Valencia,Ath Bilbao
Villarreal,Eibar
Espanol,Levante
Alaves,Sociedad
Ath Bilbao,Sevilla
Ath Madrid,Barcelona
Getafe,Real Madrid
Betis,Valencia
Eibar,La Coruna
Girona,Villarreal
Malaga,Leganes
Las Palmas,Celta
Barcelona,Malaga
Betis,Alaves
Levante,Getafe
Valencia,Sevilla
Celta,Ath Madrid
Leganes,Ath Bilbao
Real Madrid,Eibar
Villarreal,Las Palmas
La Coruna,Girona
Sociedad,Espanol
Alaves,Valencia
Ath Bilbao,Barcelona
Ath Madrid,Villarreal
Sevilla,Leganes
Eibar,Levante
Getafe,Sociedad
Girona,Real Madrid
Malaga,Celta
Espanol,Betis
Las Palmas,La Coruna
Betis,Getafe
Alaves,Espanol
Barcelona,Sevilla
La Coruna,Ath Madrid
Valencia,Leganes
Celta,Ath Bilbao
Levante,Girona
Real Madrid,Las Palmas
Sociedad,Eibar
Villarreal,Malaga
Girona,Sociedad
Ath Madrid,Real Madrid
Getafe,Alaves
Leganes,Barcelona
Sevilla,Celta
Ath Bilbao,Villarreal
Espanol,Valencia
Las Palmas,Levante
Malaga,La Coruna
Eibar,Betis
Celta,Leganes
Alaves,Eibar
Betis,Girona
Levante,Ath Madrid
Real Madrid,Malaga
La Coruna,Ath Bilbao
Sociedad,Las Palmas
Valencia,Barcelona
Villarreal,Sevilla
Espanol,Getafe
Malaga,Levante
Ath Bilbao,Real Madrid
Ath Madrid,Sociedad
Barcelona,Celta
Sevilla,La Coruna
Eibar,Espanol
Getafe,Valencia
Las Palmas,Betis
Leganes,Villarreal
Girona,Alaves
Alaves,Las Palmas
Getafe,Eibar
La Coruna,Leganes
Real Madrid,Sevilla
Valencia,Celta
Betis,Ath Madrid
Levante,Ath Bilbao
Sociedad,Malaga
Villarreal,Barcelona
Espanol,Girona
Sevilla,Levante
Ath Bilbao,Sociedad
Ath Madrid,Alaves
Eibar,Valencia
Barcelona,La Coruna
Celta,Villarreal
Girona,Getafe
Las Palmas,Espanol
Malaga,Betis
Levante,Leganes
Getafe,Las Palmas
Sociedad,Sevilla
Alaves,Malaga
Eibar,Girona
Betis,Ath Bilbao
Espanol,Ath Madrid
La Coruna,Celta
Real Madrid,Barcelona
Valencia,Villarreal
Ath Madrid,Getafe
Las Palmas,Eibar
Sevilla,Betis
Valencia,Girona
Ath Bilbao,Alaves
Barcelona,Levante
Celta,Real Madrid
Leganes,Sociedad
Villarreal,La Coruna
Malaga,Espanol
Getafe,Malaga
Eibar,Ath Madrid
Girona,Las Palmas
La Coruna,Valencia
Real Madrid,Villarreal
Alaves,Sevilla
Espanol,Ath Bilbao
Levante,Celta
Sociedad,Barcelona
Betis,Leganes
Getafe,Ath Bilbao
Ath Madrid,Girona
Espanol,Sevilla
Las Palmas,Valencia
Villarreal,Levante
Alaves,Leganes
Betis,Barcelona
Real Madrid,La Coruna
Sociedad,Celta
Eibar,Malaga
Ath Bilbao,Eibar
La Coruna,Levante
Malaga,Girona
Valencia,Real Madrid
Villarreal,Sociedad
Ath Madrid,Las Palmas
Barcelona,Alaves
Leganes,Espanol
Sevilla,Getafe
Celta,Betis
Sociedad,La Coruna
Alaves,Celta
Betis,Villarreal
Eibar,Sevilla
Levante,Real Madrid
Ath Madrid,Valencia
Espanol,Barcelona
Getafe,Leganes
Girona,Ath Bilbao
Las Palmas,Malaga
Ath Bilbao,Las Palmas
Leganes,Eibar
Malaga,Ath Madrid
Real Madrid,Sociedad
Villarreal,Alaves
Barcelona,Getafe
Celta,Espanol
Sevilla,Girona
Valencia,Levante
La Coruna,Betis
Girona,Leganes
Alaves,La Coruna
Eibar,Barcelona
Las Palmas,Sevilla
Malaga,Valencia
Ath Madrid,Ath Bilbao
Betis,Real Madrid
Espanol,Villarreal
Sociedad,Levante
Getafe,Celta
Leganes,Real Madrid
La Coruna,Espanol
Barcelona,Girona
Celta,Eibar
Leganes,Las Palmas
Real Madrid,Alaves
Ath Bilbao,Malaga
Sevilla,Ath Madrid
Valencia,Sociedad
Villarreal,Getafe
Levante,Betis
Espanol,Real Madrid
Girona,Celta
Ath Bilbao,Valencia
Ath Madrid,Leganes
Eibar,Villarreal
Getafe,La Coruna
Malaga,Sevilla
Alaves,Levante
Betis,Sociedad
Las Palmas,Barcelona
La Coruna,Eibar
Leganes,Malaga
Real Madrid,Getafe
Sevilla,Ath Bilbao
Villarreal,Girona
Barcelona,Ath Madrid
Levante,Espanol
Sociedad,Alaves
Valencia,Betis
Celta,Las Palmas
Girona,La Coruna
Eibar,Real Madrid
Getafe,Levante
Malaga,Barcelona
Sevilla,Valencia
Ath Bilbao,Leganes
Ath Madrid,Celta
Espanol,Sociedad
Las Palmas,Villarreal
Alaves,Betis
Levante,Eibar
Betis,Espanol
La Coruna,Las Palmas
Sociedad,Getafe
Valencia,Alaves
Barcelona,Ath Bilbao
Celta,Malaga
Leganes,Sevilla
Real Madrid,Girona
Villarreal,Ath Madrid
Ath Bilbao,Celta
Girona,Levante
Las Palmas,Real Madrid
Sevilla,Barcelona
Ath Madrid,La Coruna
Eibar,Sociedad
Espanol,Alaves
Leganes,Valencia
Malaga,Villarreal
Getafe,Betis
La Coruna,Malaga
Alaves,Getafe
Barcelona,Leganes
Betis,Eibar
Celta,Sevilla
Levante,Las Palmas
Real Madrid,Ath Madrid
Sociedad,Girona
Valencia,Espanol
Villarreal,Ath Bilbao
Girona,Betis
Ath Bilbao,La Coruna
Barcelona,Valencia
Las Palmas,Sociedad
Leganes,Celta
Sevilla,Villarreal
Ath Madrid,Levante
Eibar,Alaves
Getafe,Espanol
Malaga,Real Madrid
Celta,Barcelona
La Coruna,Sevilla
Villarreal,Leganes
Espanol,Eibar
Real Madrid,Ath Bilbao
Valencia,Getafe
Alaves,Girona
Betis,Las Palmas
Levante,Malaga
Sociedad,Ath Madrid
Leganes,La Coruna
Celta,Valencia
Eibar,Getafe
Ath Madrid,Betis
Girona,Espanol
Las Palmas,Alaves
Malaga,Sociedad
Ath Bilbao,Levante
Levante,Sevilla
Espanol,Las Palmas
Real Madrid,Leganes
Sociedad,Ath Bilbao
Villarreal,Celta
Alaves,Ath Madrid
Getafe,Girona
La Coruna,Barcelona
Valencia,Eibar
Betis,Malaga
Sevilla,Sociedad
Ath Bilbao,Betis
Celta,La Coruna
Girona,Eibar
Villarreal,Valencia
Ath Madrid,Espanol
Barcelona,Real Madrid
Las Palmas,Getafe
Malaga,Alaves
Leganes,Levante
Barcelona,Villarreal
Sevilla,Real Madrid
Alaves,Ath Bilbao
Betis,Sevilla
Eibar,Las Palmas
Getafe,Ath Madrid
Girona,Valencia
La Coruna,Villarreal
Real Madrid,Celta
Sociedad,Leganes
Espanol,Malaga
Levante,Barcelona
Celta,Levante
Las Palmas,Girona
Leganes,Betis
Malaga,Getafe
Sevilla,Alaves
Villarreal,Real Madrid
Ath Bilbao,Espanol
Ath Madrid,Eibar
Barcelona,Sociedad
Valencia,La Coruna
Betis,Levante
Girona,Valladolid
Barcelona,Alaves
Celta,Espanol
Villarreal,Sociedad
Eibar,Huesca
Real Madrid,Getafe
Vallecano,Sevilla
Ath Bilbao,Leganes
Valencia,Ath Madrid
Getafe,Eibar
Leganes,Sociedad
Alaves,Betis
Ath Madrid,Vallecano
Valladolid,Barcelona
Espanol,Valencia
Girona,Real Madrid
Sevilla,Villarreal
Ath Bilbao,Huesca
Levante,Celta
Eibar,Sociedad
Getafe,Valladolid
Villarreal,Girona
Celta,Ath Madrid
Real Madrid,Leganes
Alaves,Espanol
Barcelona,Huesca
Betis,Sevilla
Levante,Valencia
Huesca,Vallecano
Ath Bilbao,Real Madrid
Ath Madrid,Eibar
Sociedad,Barcelona
Valencia,Betis
Espanol,Levante
Leganes,Villarreal
Sevilla,Getafe
Valladolid,Alaves
Girona,Celta
Huesca,Sociedad
Celta,Valladolid
Eibar,Leganes
Getafe,Ath Madrid
Real Madrid,Espanol
Vallecano,Alaves
Barcelona,Girona
Betis,Ath Bilbao
Levante,Sevilla
Villarreal,Valencia
Ath Madrid,Huesca
Espanol,Eibar
Sociedad,Vallecano
Ath Bilbao,Villarreal
Leganes,Barcelona
Sevilla,Real Madrid
Valencia,Celta
Alaves,Getafe
Girona,Betis
Valladolid,Levante
Vallecano,Espanol
Barcelona,Ath Bilbao
Eibar,Sevilla
Real Madrid,Ath Madrid
Sociedad,Valencia
Betis,Leganes
Huesca,Girona
Levante,Alaves
Villarreal,Valladolid
Celta,Getafe
Ath Bilbao,Sociedad
Alaves,Real Madrid
Getafe,Levante
Girona,Eibar
Leganes,Vallecano
Ath Madrid,Betis
Espanol,Villarreal
Sevilla,Celta
Valencia,Barcelona
Valladolid,Huesca
Celta,Alaves
Barcelona,Sevilla
Real Madrid,Levante
Valencia,Leganes
Villarreal,Ath Madrid
Betis,Valladolid
Eibar,Ath Bilbao
Huesca,Espanol
Vallecano,Getafe
Sociedad,Girona
Vallecano,Ath Bilbao
Valladolid,Espanol
Ath Bilbao,Valencia
Ath Madrid,Sociedad
Celta,Eibar
Girona,Vallecano
Levante,Leganes
Alaves,Villarreal
Barcelona,Real Madrid
Getafe,Betis
Sevilla,Huesca
Leganes,Ath Madrid
Real Madrid,Valladolid
Valencia,Girona
Vallecano,Barcelona
Betis,Celta
Eibar,Alaves
Huesca,Getafe
Sociedad,Sevilla
Villarreal,Levante
Espanol,Ath Bilbao
Levante,Sociedad
Ath Madrid,Ath Bilbao
Getafe,Valencia
Girona,Leganes
Valladolid,Eibar
Alaves,Huesca
Barcelona,Betis
Celta,Real Madrid
Sevilla,Espanol
Vallecano,Villarreal
Leganes,Alaves
Ath Madrid,Barcelona
Eibar,Real Madrid
Huesca,Levante
Valencia,Vallecano
Ath Bilbao,Getafe
Espanol,Girona
Sevilla,Valladolid
Villarreal,Betis
Sociedad,Celta
Vallecano,Eibar
Celta,Huesca
Getafe,Espanol
Real Madrid,Valencia
Valladolid,Leganes
Alaves,Sevilla
Barcelona,Villarreal
Betis,Sociedad
Girona,Ath Madrid
Levante,Ath Bilbao
Leganes,Getafe
Ath Madrid,Alaves
Espanol,Barcelona
Valencia,Sevilla
Villarreal,Celta
Betis,Vallecano
Eibar,Levante
Huesca,Real Madrid
Sociedad,Valladolid
Ath Bilbao,Girona
Celta,Leganes
Eibar,Valencia
Getafe,Sociedad
Real Madrid,Vallecano
Valladolid,Ath Madrid
Espanol,Betis
Huesca,Villarreal
Levante,Barcelona
Sevilla,Girona
Alaves,Ath Bilbao
Girona,Getafe
Sociedad,Alaves
Ath Bilbao,Valladolid
Ath Madrid,Espanol
Barcelona,Celta
Betis,Eibar
Leganes,Sevilla
Valencia,Huesca
Vallecano,Levante
Villarreal,Real Madrid
Espanol,Leganes
Levante,Girona
Alaves,Valencia
Huesca,Betis
Valladolid,Vallecano
Eibar,Villarreal
Getafe,Barcelona
Real Madrid,Sociedad
Sevilla,Ath Madrid
Celta,Ath Bilbao
Vallecano,Celta
Girona,Alaves
Leganes,Huesca
Valencia,Valladolid
Villarreal,Getafe
Ath Bilbao,Sevilla
Ath Madrid,Levante
Barcelona,Eibar
Betis,Real Madrid
Sociedad,Espanol
Getafe,Alaves
Celta,Valencia
Huesca,Ath Madrid
Real Madrid,Sevilla
Barcelona,Leganes
Betis,Girona
Levante,Valladolid
Vallecano,Sociedad
Villarreal,Ath Bilbao
Eibar,Espanol
Ath Madrid,Getafe
Leganes,Eibar
Sevilla,Levante
Valencia,Villarreal
Ath Bilbao,Betis
Espanol,Real Madrid
Girona,Barcelona
Sociedad,Huesca
Valladolid,Celta
Alaves,Vallecano
Huesca,Valladolid
Barcelona,Valencia
Celta,Sevilla
Levante,Getafe
Sociedad,Ath Bilbao
Betis,Ath Madrid
Eibar,Girona
Real Madrid,Alaves
Villarreal,Espanol
Vallecano,Leganes
Valladolid,Villarreal
Ath Madrid,Real Madrid
Espanol,Vallecano
Getafe,Celta
Girona,Huesca
Ath Bilbao,Barcelona
Leganes,Betis
Sevilla,Eibar
Valencia,Sociedad
Alaves,Levante
Eibar,Getafe
Barcelona,Valladolid
Celta,Levante
Sociedad,Leganes
Vallecano,Ath Madrid
Betis,Alaves
Real Madrid,Girona
Valencia,Espanol
Villarreal,Sevilla
Huesca,Ath Bilbao
Espanol,Huesca
Alaves,Celta
Ath Bilbao,Eibar
Getafe,Vallecano
Sevilla,Barcelona
Ath Madrid,Villarreal
Leganes,Valencia
Levante,Real Madrid
Valladolid,Betis
Girona,Sociedad
Vallecano,Girona
Espanol,Valladolid
Huesca,Sevilla
Real Madrid,Barcelona
Villarreal,Alaves
Betis,Getafe
Eibar,Celta
Sociedad,Ath Madrid
Valencia,Ath Bilbao
Leganes,Levante
Ath Bilbao,Espanol
Alaves,Eibar
Ath Madrid,Leganes
Barcelona,Vallecano
Getafe,Huesca
Celta,Betis
Girona,Valencia
Levante,Villarreal
Sevilla,Sociedad
Valladolid,Real Madrid
Sociedad,Levante
Ath Bilbao,Ath Madrid
Huesca,Alaves
Leganes,Girona
Real Madrid,Celta
Betis,Barcelona
Eibar,Valladolid
Espanol,Sevilla
Valencia,Getafe
Villarreal,Vallecano
Girona,Ath Bilbao
Alaves,Ath Madrid
Barcelona,Espanol
Celta,Villarreal
Getafe,Leganes
Levante,Eibar
Real Madrid,Huesca
Sevilla,Valencia
Valladolid,Sociedad
Vallecano,Betis
Ath Madrid,Girona
Espanol,Getafe
Villarreal,Barcelona
Ath Bilbao,Levante
Eibar,Vallecano
Huesca,Celta
Valencia,Real Madrid
Leganes,Valladolid
Sevilla,Alaves
Sociedad,Betis
Barcelona,Ath Madrid
Girona,Espanol
Real Madrid,Eibar
Vallecano,Valencia
Alaves,Leganes
Betis,Villarreal
Celta,Sociedad
Getafe,Ath Bilbao
Levante,Huesca
Valladolid,Sevilla
Ath Madrid,Celta
Espanol,Alaves
Huesca,Barcelona
Sevilla,Betis
Ath Bilbao,Vallecano
Girona,Villarreal
Sociedad,Eibar
Valencia,Levante
Valladolid,Getafe
Leganes,Real Madrid
Alaves,Valladolid
Barcelona,Sociedad
Celta,Girona
Eibar,Ath Madrid
Vallecano,Huesca
Betis,Valencia
Getafe,Sevilla
Levante,Espanol
Real Madrid,Ath Bilbao
Villarreal,Leganes
Alaves,Barcelona
Huesca,Eibar
Valladolid,Girona
Ath Madrid,Valencia
Espanol,Celta
Leganes,Ath Bilbao
Levante,Betis
Getafe,Real Madrid
Sevilla,Vallecano
Sociedad,Villarreal
Ath Bilbao,Alaves
Ath Madrid,Valladolid
Barcelona,Levante
Leganes,Celta
Girona,Sevilla
Sociedad,Getafe
Valencia,Eibar
Vallecano,Real Madrid
Villarreal,Huesca
Betis,Espanol
Sevilla,Leganes
Alaves,Sociedad
Celta,Barcelona
Espanol,Ath Madrid
Levante,Vallecano
Eibar,Betis
Getafe,Girona
Huesca,Valencia
Real Madrid,Villarreal
Valladolid,Ath Bilbao
Ath Bilbao,Celta
Ath Madrid,Sevilla
Barcelona,Getafe
Betis,Huesca
Girona,Levante
Leganes,Espanol
Sociedad,Real Madrid
Valencia,Alaves
Vallecano,Valladolid
Villarreal,Eibar
Alaves,Girona
Celta,Vallecano
Espanol,Sociedad
Getafe,Villarreal
Huesca,Leganes
Levante,Ath Madrid
Sevilla,Ath Bilbao
Valladolid,Valencia
Eibar,Barcelona
Real Madrid,Betis
